{
    "m"  : 1,
    "km" : 1000,
    "dm" : 0.1,
    "cm" : 0.01,
    "mm" : 0.001,
    "µm" : 0.000001,
    "nm" : 0.000000001,
    "pm" : 0.000000000001,
    "in" : 0.0254,
    "ft" : 0.3048,
    "yd" : 0.9144,
    "mi" : 1609.3444,
    "h"  : 0.1016,
    "ly" : 9460730472580800,
    "au" : 149597870700,
    "pc" : 30856775814913672.789139379577965
}