{
    "kg" : 1,
    "g"  : 0.001,
    "mg" : 0.000001,
    "N"  : 0.101971621,
    "st" : 6.35029,
    "lb" : 0.453592,
    "oz" : 0.0283495,
    "t"  : 1000,
    "ukt": 1016.047,
    "ust": 907.1847
}